MUNNOMBRE;PARNOMBRE;VOTOS;TOTAL_VOTOS;PORCENTAJE
ALMEIDA;PARTIDO ALIANZA VERDE;370;1429;25.892232
ALMEIDA;PARTIDO CONSERVADOR COLOMBIANO;290;1429;20.293912
ALMEIDA;NUEVA FUERZA DEMOCRÁTICA;243;1429;17.004899
ALMEIDA;PARTIDO DE LA UNIÓN POR LA GENTE - PARTIDO DE LA U;173;1429;12.106368
ALMEIDA;PARTIDO CAMBIO RADICAL;152;1429;10.636809
ALMEIDA;PARTIDO CENTRO DEMOCRÁTICO;116;1429;8.117565
ALMEIDA;PARTIDO LIBERAL COLOMBIANO;44;1429;3.079076
ALMEIDA;"MOVIMIENTO ALTERNATIVO INDÍGENA Y SOCIAL ""MAIS""";41;1429;2.869139
AQUITANIA (PUEBLOVIEJO);PARTIDO ALIANZA VERDE;1727;9130;18.915663
AQUITANIA (PUEBLOVIEJO);PARTIDO CONSERVADOR COLOMBIANO;1460;9130;15.991238
AQUITANIA (PUEBLOVIEJO);"PARTIDO ALIANZA SOCIAL INDEPENDIENTE ""ASI""";1296;9130;14.194962
AQUITANIA (PUEBLOVIEJO);PARTIDO CAMBIO RADICAL;1213;9130;13.285871
AQUITANIA (PUEBLOVIEJO);"MOVIMIENTO ALTERNATIVO INDÍGENA Y SOCIAL ""MAIS""";1208;9130;13.231106
AQUITANIA (PUEBLOVIEJO);PARTIDO CENTRO DEMOCRÁTICO;894;9130;9.791895
AQUITANIA (PUEBLOVIEJO);PARTIDO DE LA UNIÓN POR LA GENTE - PARTIDO DE LA U;882;9130;9.66046
AQUITANIA (PUEBLOVIEJO);MOVIMIENTO SALVACIÓN NACIONAL;341;9130;3.73494
AQUITANIA (PUEBLOVIEJO);PARTIDO POLÍTICO DIGNIDAD & COMPROMISO;101;9130;1.106243
AQUITANIA (PUEBLOVIEJO);MOVIMIENTO POLITICO FUERZA CIUDADANA;8;9130;0.087623
ARCABUCO;PARTIDO ALIANZA VERDE;715;3852;18.561786
ARCABUCO;PARTIDO CENTRO DEMOCRÁTICO;672;3852;17.445483
ARCABUCO;PARTIDO LIBERAL COLOMBIANO;616;3852;15.991693
ARCABUCO;PARTIDO CONSERVADOR COLOMBIANO;590;3852;15.316719
ARCABUCO;PARTIDO CAMBIO RADICAL;483;3852;12.538941
ARCABUCO;ACUERDO DE COALICÓN ENTRE EL PARTIDO DE LA U Y PARTIDO MIRA;471;3852;12.227414
ARCABUCO;AGRUPACIÓN POLÍTICA EN MARCHA;305;3852;7.917965
BELEN;PARTIDO LIBERAL COLOMBIANO;1861;4802;38.754686
BELEN;PARTIDO ALIANZA VERDE;1100;4802;22.907122
BELEN;PARTIDO CAMBIO RADICAL;1047;4802;21.803415
BELEN;PARTIDO CONSERVADOR COLOMBIANO;635;4802;13.223657
BELEN;"MOVIMIENTO ALTERNATIVO INDÍGENA Y SOCIAL ""MAIS""";159;4802;3.31112
BERBEO;PARTIDO LIBERAL COLOMBIANO;304;1215;25.020576
BERBEO;PARTIDO CAMBIO RADICAL;286;1215;23.539095
BERBEO;PARTIDO ALIANZA VERDE;280;1215;23.045267
BERBEO;PARTIDO DE LA UNIÓN POR LA GENTE - PARTIDO DE LA U;204;1215;16.790123
BERBEO;"MOVIMIENTO ALTERNATIVO INDÍGENA Y SOCIAL ""MAIS""";115;1215;9.465021
BERBEO;"PARTIDO ALIANZA SOCIAL INDEPENDIENTE ""ASI""";26;1215;2.139918
BETEITIVA;PARTIDO LIBERAL COLOMBIANO;445;1609;27.65693
BETEITIVA;PARTIDO ALIANZA VERDE;274;1609;17.029211
BETEITIVA;PARTIDO DE LA UNIÓN POR LA GENTE - PARTIDO DE LA U;244;1609;15.164699
BETEITIVA;PARTIDO CAMBIO RADICAL;241;1609;14.978247
BETEITIVA;"MOVIMIENTO ALTERNATIVO INDÍGENA Y SOCIAL ""MAIS""";158;1609;9.819764
BETEITIVA;PARTIDO CENTRO DEMOCRÁTICO;143;1609;8.887508
BETEITIVA;PARTIDO CONSERVADOR COLOMBIANO;92;1609;5.717837
BETEITIVA;PARTIDO POLÍTICO DIGNIDAD & COMPROMISO;12;1609;0.745805
BOAVITA;PARTIDO ALIANZA VERDE;826;3141;26.297358
BOAVITA;PARTIDO CONSERVADOR COLOMBIANO;565;3141;17.987902
BOAVITA;PARTIDO CENTRO DEMOCRÁTICO;541;3141;17.223814
BOAVITA;PARTIDO CAMBIO RADICAL;392;3141;12.480102
BOAVITA;PARTIDO DE LA UNIÓN POR LA GENTE - PARTIDO DE LA U;304;3141;9.678446
BOAVITA;AGRUPACIÓN POLÍTICA EN MARCHA;263;3141;8.37313
BOAVITA;MOVIMIENTO SALVACIÓN NACIONAL;145;3141;4.616364
BOAVITA;RENACER;55;3141;1.751035
BOAVITA;MOVIMIENTO POLÍTICO COLOMBIA HUMANA;50;3141;1.59185
BOYACA;PARTIDO ALIANZA VERDE;998;3618;27.584301
BOYACA;PARTIDO CENTRO DEMOCRÁTICO;738;3618;20.39801
BOYACA;PARTIDO LIBERAL COLOMBIANO;644;3618;17.799889
BOYACA;PARTIDO CAMBIO RADICAL;629;3618;17.385296
BOYACA;PARTIDO DE LA UNIÓN POR LA GENTE - PARTIDO DE LA U;552;3618;15.257048
BOYACA;INDEPENDIENTES;57;3618;1.575456
BRICEÑO;PARTIDO CONSERVADOR COLOMBIANO;481;1924;25.0
BRICEÑO;PARTIDO ALIANZA VERDE;431;1924;22.401247
BRICEÑO;PARTIDO CAMBIO RADICAL;430;1924;22.349272
BRICEÑO;PARTIDO POLÍTICO CREEMOS;300;1924;15.592516
BRICEÑO;PARTIDO CENTRO DEMOCRÁTICO;282;1924;14.656965
BUENAVISTA;PARTIDO CAMBIO RADICAL;605;3652;16.566265
BUENAVISTA;PARTIDO CENTRO DEMOCRÁTICO;601;3652;16.456736
BUENAVISTA;MOVIMIENTO SALVACIÓN NACIONAL;577;3652;15.799562
BUENAVISTA;PARTIDO COLOMBIA RENACIENTE;554;3652;15.16977
BUENAVISTA;PARTIDO ALIANZA VERDE;541;3652;14.813801
BUENAVISTA;PARTIDO DE LA UNIÓN POR LA GENTE - PARTIDO DE LA U;491;3652;13.444688
BUENAVISTA;PARTIDO POLÍTICO CREEMOS;283;3652;7.749179
BUSBANZA;PARTIDO CONSERVADOR COLOMBIANO;345;890;38.764045
BUSBANZA;"PARTIDO ALIANZA SOCIAL INDEPENDIENTE ""ASI""";280;890;31.460674
BUSBANZA;PARTIDO ALIANZA VERDE;265;890;29.775281
CALDAS;PARTIDO ALIANZA VERDE;759;2542;29.858379
CALDAS;PARTIDO LIBERAL COLOMBIANO;626;2542;24.626279
CALDAS;PARTIDO NUEVO LIBERALISMO;464;2542;18.253344
CALDAS;"PARTIDO ALIANZA SOCIAL INDEPENDIENTE ""ASI""";298;2542;11.723053
CALDAS;PARTIDO CAMBIO RADICAL;220;2542;8.654603
CALDAS;PARTIDO DE LA UNIÓN POR LA GENTE - PARTIDO DE LA U;95;2542;3.737215
CALDAS;"MOVIMIENTO ALTERNATIVO INDÍGENA Y SOCIAL ""MAIS""";42;2542;1.652242
CALDAS;PARTIDO CENTRO DEMOCRÁTICO;38;2542;1.494886
CAMPOHERMOSO;PARTIDO CONSERVADOR COLOMBIANO;508;1815;27.988981
CAMPOHERMOSO;PARTIDO DE LA UNIÓN POR LA GENTE - PARTIDO DE LA U;320;1815;17.630854
CAMPOHERMOSO;PARTIDO ALIANZA VERDE;297;1815;16.363636
CAMPOHERMOSO;"PARTIDO ALIANZA SOCIAL INDEPENDIENTE ""ASI""";279;1815;15.371901
CAMPOHERMOSO;PARTIDO LIBERAL COLOMBIANO;194;1815;10.688705
CAMPOHERMOSO;PARTIDO CENTRO DEMOCRÁTICO;135;1815;7.438017
CAMPOHERMOSO;PARTIDO CAMBIO RADICAL;82;1815;4.517906
CERINZA;NUEVA FUERZA DEMOCRÁTICA;707;2655;26.629002
CERINZA;PARTIDO CONSERVADOR COLOMBIANO;669;2655;25.19774
CERINZA;PARTIDO ALIANZA VERDE;462;2655;17.40113
CERINZA;PARTIDO LIBERAL COLOMBIANO;349;2655;13.145009
CERINZA;PARTIDO CAMBIO RADICAL;307;2655;11.563089
CERINZA;"PARTIDO UNIÓN PATRIÓTICA ""UP""";89;2655;3.352166
CERINZA;INDEPENDIENTES;72;2655;2.711864
CHINAVITA;PARTIDO ALIANZA VERDE;947;2085;45.419664
CHINAVITA;PARTIDO DE LA UNIÓN POR LA GENTE - PARTIDO DE LA U;708;2085;33.956835
CHINAVITA;PARTIDO CENTRO DEMOCRÁTICO;390;2085;18.705036
CHINAVITA;"PARTIDO ALIANZA SOCIAL INDEPENDIENTE ""ASI""";40;2085;1.918465
CHIQUINQUIRA;PARTIDO ALIANZA VERDE;4895;24313;20.133262
CHIQUINQUIRA;CHIQUINQUIRA LA U MIRA;4042;24313;16.624851
CHIQUINQUIRA;PARTIDO CENTRO DEMOCRÁTICO;2224;24313;9.14737
CHIQUINQUIRA;PARTIDO CONSERVADOR COLOMBIANO;2058;24313;8.464607
CHIQUINQUIRA;PARTIDO COLOMBIA RENACIENTE;1999;24313;8.221939
CHIQUINQUIRA;PARTIDO VERDE OXÍGENO;1626;24313;6.68778
CHIQUINQUIRA;PARTIDO CAMBIO RADICAL;1602;24313;6.589068
CHIQUINQUIRA;"MOVIMIENTO ALTERNATIVO INDÍGENA Y SOCIAL ""MAIS""";1157;24313;4.758771
CHIQUINQUIRA;PARTIDO LIBERAL COLOMBIANO;1046;24313;4.302225
CHIQUINQUIRA;INDEPENDIENTES;853;24313;3.508411
CHIQUINQUIRA;"PARTIDO ALIANZA SOCIAL INDEPENDIENTE ""ASI""";749;24313;3.080656
CHIQUINQUIRA;AGRUPACIÓN POLÍTICA EN MARCHA;725;24313;2.981944
CHIQUINQUIRA;PARTIDO NUEVO LIBERALISMO;419;24313;1.723358
CHIQUINQUIRA;"MOVIMIENTO AUTORIDADES INDÍGENAS DE COLOMBIA ""AICO""";251;24313;1.03237
CHIQUINQUIRA;PARTIDO POLÍTICO DIGNIDAD & COMPROMISO;250;24313;1.028256
CHIQUINQUIRA;PARTIDO ECOLOGISTA COLOMBIANO;156;24313;0.641632
CHIQUINQUIRA;MOVIMIENTO POLITICO FUERZA CIUDADANA;141;24313;0.579937
CHIQUINQUIRA;MOVIMIENTO SALVACIÓN NACIONAL;120;24313;0.493563
CHIQUIZA;PARTIDO DE LA UNIÓN POR LA GENTE - PARTIDO DE LA U;804;4038;19.910847
CHIQUIZA;PARTIDO CAMBIO RADICAL;793;4038;19.638435
CHIQUIZA;PARTIDO COLOMBIA RENACIENTE;685;4038;16.963843
CHIQUIZA;PARTIDO POLÍTICO DIGNIDAD & COMPROMISO;493;4038;12.209014
CHIQUIZA;PARTIDO LIBERAL COLOMBIANO;471;4038;11.66419
CHIQUIZA;PARTIDO POLÍTICO LA FUERZA DE LA PAZ;384;4038;9.509658
CHIQUIZA;PARTIDO ALIANZA VERDE;358;4038;8.865775
CHIQUIZA;AGRUPACIÓN POLÍTICA EN MARCHA;50;4038;1.238237
CHISCAS;PARTIDO ALIANZA VERDE;599;2102;28.49667
CHISCAS;PARTIDO DE LA UNIÓN POR LA GENTE - PARTIDO DE LA U;565;2102;26.879163
CHISCAS;PARTIDO CENTRO DEMOCRÁTICO;447;2102;21.265461
CHISCAS;PARTIDO LIBERAL COLOMBIANO;444;2102;21.12274
CHISCAS;PARTIDO NUEVO LIBERALISMO;47;2102;2.235966
CHITA;PARTIDO CONSERVADOR COLOMBIANO;812;4197;19.347153
CHITA;"MOVIMIENTO ALTERNATIVO INDÍGENA Y SOCIAL ""MAIS""";723;4197;17.22659
CHITA;PARTIDO CAMBIO RADICAL;703;4197;16.75006
CHITA;"PARTIDO ALIANZA SOCIAL INDEPENDIENTE ""ASI""";695;4197;16.559447
CHITA;PARTIDO ALIANZA VERDE;476;4197;11.341434
CHITA;PARTIDO CENTRO DEMOCRÁTICO;359;4197;8.553729
CHITA;PARTIDO DE LA UNIÓN POR LA GENTE - PARTIDO DE LA U;255;4197;6.075768
CHITA;PARTIDO POLÍTICO DIGNIDAD & COMPROMISO;174;4197;4.145818
CHITARAQUE;PARTIDO DE LA UNIÓN POR LA GENTE - PARTIDO DE LA U;821;3895;21.078306
CHITARAQUE;PARTIDO CENTRO DEMOCRÁTICO;686;3895;17.612323
CHITARAQUE;PARTIDO CAMBIO RADICAL;651;3895;16.713736
CHITARAQUE;PARTIDO ALIANZA VERDE;640;3895;16.431322
CHITARAQUE;PARTIDO LIBERAL COLOMBIANO;596;3895;15.301669
CHITARAQUE;PARTIDO CONSERVADOR COLOMBIANO;346;3895;8.883184
CHITARAQUE;AGRUPACIÓN POLÍTICA EN MARCHA;96;3895;2.464698
CHITARAQUE;PARTIDO POLÍTICO DIGNIDAD & COMPROMISO;44;3895;1.129653
CHITARAQUE;PARTIDO NUEVO LIBERALISMO;15;3895;0.385109
CHIVATA;PARTIDO ALIANZA VERDE;837;2578;32.467029
CHIVATA;PARTIDO CAMBIO RADICAL;571;2578;22.148953
CHIVATA;PARTIDO CONSERVADOR COLOMBIANO;568;2578;22.032583
CHIVATA;"MOVIMIENTO ALTERNATIVO INDÍGENA Y SOCIAL ""MAIS""";360;2578;13.964313
CHIVATA;"PARTIDO ALIANZA SOCIAL INDEPENDIENTE ""ASI""";242;2578;9.387122
CHIVOR;PARTIDO ALIANZA VERDE;426;1319;32.297195
CHIVOR;PARTIDO CONSERVADOR COLOMBIANO;373;1319;28.278999
CHIVOR;PARTIDO CENTRO DEMOCRÁTICO;285;1319;21.607278
CHIVOR;PARTIDO CAMBIO RADICAL;235;1319;17.816528
CIENEGA;PARTIDO ALIANZA VERDE;832;3033;27.431586
CIENEGA;PARTIDO CAMBIO RADICAL;572;3033;18.859215
CIENEGA;PARTIDO POLÍTICO DIGNIDAD & COMPROMISO;514;3033;16.946917
CIENEGA;"MOVIMIENTO ALTERNATIVO INDÍGENA Y SOCIAL ""MAIS""";401;3033;13.221233
CIENEGA;PARTIDO CONSERVADOR COLOMBIANO;359;3033;11.836466
CIENEGA;PARTIDO DE LA UNIÓN POR LA GENTE - PARTIDO DE LA U;355;3033;11.704583
COMBITA;PARTIDO LIBERAL COLOMBIANO;1347;8040;16.753731
COMBITA;PARTIDO ALIANZA VERDE;1007;8040;12.524876
COMBITA;PARTIDO NUEVO LIBERALISMO;999;8040;12.425373
COMBITA;PARTIDO DE LA UNIÓN POR LA GENTE - PARTIDO DE LA U;989;8040;12.300995
COMBITA;PARTIDO CAMBIO RADICAL;869;8040;10.808458
COMBITA;"MOVIMIENTO AUTORIDADES INDÍGENAS DE COLOMBIA ""AICO""";845;8040;10.50995
COMBITA;PARTIDO POLÍTICO LA FUERZA DE LA PAZ;689;8040;8.569652
COMBITA;PARTIDO CONSERVADOR COLOMBIANO;557;8040;6.927861
COMBITA;PARTIDO CENTRO DEMOCRÁTICO;508;8040;6.318408
COMBITA;"MOVIMIENTO ALTERNATIVO INDÍGENA Y SOCIAL ""MAIS""";230;8040;2.860697
COPER;PARTIDO ALIANZA VERDE;533;2443;21.817438
COPER;PARTIDO POLÍTICO DIGNIDAD & COMPROMISO;502;2443;20.548506
COPER;PARTIDO CONSERVADOR COLOMBIANO;354;2443;14.490381
COPER;PARTIDO CAMBIO RADICAL;312;2443;12.771183
COPER;PARTIDO CENTRO DEMOCRÁTICO;303;2443;12.402783
COPER;PARTIDO DE LA UNIÓN POR LA GENTE - PARTIDO DE LA U;226;2443;9.250921
COPER;PARTIDO VERDE OXÍGENO;213;2443;8.718788
CORRALES;PARTIDO CONSERVADOR COLOMBIANO;798;1892;42.17759
CORRALES;PARTIDO DE LA UNIÓN POR LA GENTE - PARTIDO DE LA U;554;1892;29.281184
CORRALES;PARTIDO ALIANZA VERDE;540;1892;28.541226
COVARACHIA;PARTIDO POLO DEMOCRÁTICO ALTERNATIVO;686;2634;26.044039
COVARACHIA;PARTIDO ALIANZA VERDE;432;2634;16.400911
COVARACHIA;"PARTIDO ALIANZA SOCIAL INDEPENDIENTE ""ASI""";411;2634;15.603645
COVARACHIA;PARTIDO CONSERVADOR COLOMBIANO;408;2634;15.489749
COVARACHIA;"MOVIMIENTO ALTERNATIVO INDÍGENA Y SOCIAL ""MAIS""";312;2634;11.845103
COVARACHIA;PARTIDO CAMBIO RADICAL;184;2634;6.985573
COVARACHIA;PARTIDO LIBERAL COLOMBIANO;184;2634;6.985573
COVARACHIA;PARTIDO DE LA UNIÓN POR LA GENTE - PARTIDO DE LA U;17;2634;0.645406
CUBARA;PARTIDO CONSERVADOR COLOMBIANO;953;3087;30.871396
CUBARA;PARTIDO LIBERAL COLOMBIANO;924;3087;29.931973
CUBARA;"MOVIMIENTO ALTERNATIVO INDÍGENA Y SOCIAL ""MAIS""";822;3087;26.627794
CUBARA;PARTIDO ALIANZA VERDE;388;3087;12.568837
CUCAITA;"MOVIMIENTO ALTERNATIVO INDÍGENA Y SOCIAL ""MAIS""";1264;2742;46.097739
CUCAITA;PARTIDO CONSERVADOR COLOMBIANO;562;2742;20.495988
CUCAITA;PARTIDO ALIANZA VERDE;431;2742;15.718454
CUCAITA;"PARTIDO ALIANZA SOCIAL INDEPENDIENTE ""ASI""";331;2742;12.071481
CUCAITA;PARTIDO LIBERAL COLOMBIANO;154;2742;5.616338
CUITIVA;PARTIDO LIBERAL COLOMBIANO;357;1421;25.123153
CUITIVA;"MOVIMIENTO ALTERNATIVO INDÍGENA Y SOCIAL ""MAIS""";355;1421;24.982407
CUITIVA;PARTIDO ALIANZA VERDE;287;1421;20.197044
CUITIVA;PARTIDO DE LA UNIÓN POR LA GENTE - PARTIDO DE LA U;216;1421;15.200563
CUITIVA;PARTIDO CONSERVADOR COLOMBIANO;206;1421;14.496833
DUITAMA;PARTIDO ALIANZA VERDE;6739;51656;13.045919
DUITAMA;PARTIDO CAMBIO RADICAL;6649;51656;12.87169
DUITAMA;PARTIDO LIBERAL COLOMBIANO;6090;51656;11.789531
DUITAMA;PARTIDO CONSERVADOR COLOMBIANO;5158;51656;9.985287
DUITAMA;PARTIDO VERDE OXÍGENO;4530;51656;8.769552
DUITAMA;PACTO HISTORICO;4375;51656;8.46949
DUITAMA;"PARTIDO ALIANZA SOCIAL INDEPENDIENTE ""ASI""";3807;51656;7.369909
DUITAMA;PARTIDO NUEVO LIBERALISMO;3134;51656;6.067059
DUITAMA;MOVIMIENTO SALVACIÓN NACIONAL;2755;51656;5.333359
DUITAMA;PARTIDO POLO DEMOCRÁTICO ALTERNATIVO;2120;51656;4.104073
DUITAMA;PARTIDO POLÍTICO GENTE EN MOVIMIENTO;2075;51656;4.016958
DUITAMA;"MOVIMIENTO ALTERNATIVO INDÍGENA Y SOCIAL ""MAIS""";1769;51656;3.424578
DUITAMA;COALICION PARTIDO DE LA U- PARTIDO POLITICO MIRA;1617;51656;3.130324
DUITAMA;PARTIDO LIGA GOBERNANTES ANTICORRUPCIÓN - LIGA;658;51656;1.273811
DUITAMA;INDEPENDIENTES;180;51656;0.348459
EL COCUY;PARTIDO LIBERAL COLOMBIANO;924;2193;42.134063
EL COCUY;PARTIDO ALIANZA VERDE;394;2193;17.966256
EL COCUY;MOVIMIENTO SALVACIÓN NACIONAL;309;2193;14.090287
EL COCUY;PARTIDO CONSERVADOR COLOMBIANO;289;2193;13.178295
EL COCUY;PARTIDO DE LA UNIÓN POR LA GENTE - PARTIDO DE LA U;144;2193;6.566347
EL COCUY;PARTIDO CENTRO DEMOCRÁTICO;133;2193;6.064751
EL ESPINO;PARTIDO CENTRO DEMOCRÁTICO;464;1643;28.241023
EL ESPINO;PARTIDO CONSERVADOR COLOMBIANO;433;1643;26.35423
EL ESPINO;PARTIDO POLÍTICO LA FUERZA DE LA PAZ;237;1643;14.424833
EL ESPINO;"PARTIDO ALIANZA SOCIAL INDEPENDIENTE ""ASI""";220;1643;13.39014
EL ESPINO;NUEVA FUERZA DEMOCRÁTICA;162;1643;9.860012
EL ESPINO;PARTIDO CAMBIO RADICAL;127;1643;7.729763
FIRAVITOBA;PARTIDO DE LA UNIÓN POR LA GENTE - PARTIDO DE LA U;752;4026;18.678589
FIRAVITOBA;PARTIDO LIBERAL COLOMBIANO;554;4026;13.760556
FIRAVITOBA;"MOVIMIENTO ALTERNATIVO INDÍGENA Y SOCIAL ""MAIS""";515;4026;12.791853
FIRAVITOBA;PARTIDO CENTRO DEMOCRÁTICO;468;4026;11.624441
FIRAVITOBA;AGRUPACIÓN POLÍTICA EN MARCHA;422;4026;10.481868
FIRAVITOBA;PARTIDO CONSERVADOR COLOMBIANO;393;4026;9.76155
FIRAVITOBA;PARTIDO ALIANZA VERDE;374;4026;9.289617
FIRAVITOBA;PARTIDO NUEVO LIBERALISMO;283;4026;7.029309
FIRAVITOBA;PARTIDO POLÍTICO DIGNIDAD & COMPROMISO;148;4026;3.676105
FIRAVITOBA;INDEPENDIENTES;117;4026;2.90611
FLORESTA;PARTIDO CAMBIO RADICAL;683;2749;24.845398
FLORESTA;PARTIDO CENTRO DEMOCRÁTICO;469;2749;17.060749
FLORESTA;PARTIDO VERDE OXÍGENO;447;2749;16.260458
FLORESTA;AGRUPACIÓN POLÍTICA EN MARCHA;437;2749;15.89669
FLORESTA;PARTIDO ALIANZA VERDE;286;2749;10.403783
FLORESTA;PARTIDO LIBERAL COLOMBIANO;285;2749;10.367406
FLORESTA;PARTIDO DE LA UNIÓN POR LA GENTE - PARTIDO DE LA U;142;2749;5.165515
GACHANTIVA;AGRUPACIÓN POLÍTICA EN MARCHA;0;0;
GACHANTIVA;"MOVIMIENTO ALTERNATIVO INDÍGENA Y SOCIAL ""MAIS""";0;0;
GACHANTIVA;PARTIDO ALIANZA VERDE;0;0;
GACHANTIVA;PARTIDO CAMBIO RADICAL;0;0;
GACHANTIVA;PARTIDO CONSERVADOR COLOMBIANO;0;0;
GACHANTIVA;PARTIDO LIBERAL COLOMBIANO;0;0;
GAMEZA;PARTIDO LIBERAL COLOMBIANO;538;2888;18.628809
GAMEZA;PARTIDO CONSERVADOR COLOMBIANO;470;2888;16.274238
GAMEZA;PARTIDO ALIANZA VERDE;465;2888;16.101108
GAMEZA;PARTIDO CENTRO DEMOCRÁTICO;375;2888;12.984765
GAMEZA;PARTIDO DE LA UNIÓN POR LA GENTE - PARTIDO DE LA U;368;2888;12.742382
GAMEZA;PARTIDO CAMBIO RADICAL;253;2888;8.760388
GAMEZA;"MOVIMIENTO ALTERNATIVO INDÍGENA Y SOCIAL ""MAIS""";169;2888;5.851801
GAMEZA;MOVIMIENTO SALVACIÓN NACIONAL;118;2888;4.085873
GAMEZA;GAMEZA PARA TODOS;70;2888;2.423823
GAMEZA;MOVIMIENTO POLÍTICO COLOMBIA HUMANA;62;2888;2.146814
GARAGOA;PARTIDO CONSERVADOR COLOMBIANO;1791;7572;23.652932
GARAGOA;PARTIDO ALIANZA VERDE;1286;7572;16.983624
GARAGOA;PARTIDO CENTRO DEMOCRÁTICO;854;7572;11.278394
GARAGOA;PARTIDO DE LA UNIÓN POR LA GENTE - PARTIDO DE LA U;781;7572;10.314316
GARAGOA;PARTIDO LIBERAL COLOMBIANO;672;7572;8.874802
GARAGOA;PARTIDO CAMBIO RADICAL;641;7572;8.465399
GARAGOA;PARTIDO COLOMBIA RENACIENTE;506;7572;6.682515
GARAGOA;"MOVIMIENTO ALTERNATIVO INDÍGENA Y SOCIAL ""MAIS""";338;7572;4.463814
GARAGOA;PARTIDO NUEVO LIBERALISMO;323;7572;4.265716
GARAGOA;AGRUPACIÓN POLÍTICA EN MARCHA;215;7572;2.839408
GARAGOA;PARTIDO COLOMBIA JUSTA LIBRES;89;7572;1.175383
GARAGOA;INDEPENDIENTES;76;7572;1.003698
GUACAMAYAS;PARTIDO CONSERVADOR COLOMBIANO;406;1234;32.901135
GUACAMAYAS;PARTIDO VERDE OXÍGENO;314;1234;25.445705
GUACAMAYAS;PARTIDO CENTRO DEMOCRÁTICO;293;1234;23.743922
GUACAMAYAS;PARTIDO CAMBIO RADICAL;196;1234;15.883306
GUACAMAYAS;PARTIDO DE LA UNIÓN POR LA GENTE - PARTIDO DE LA U;25;1234;2.025932
GUATEQUE;PARTIDO ALIANZA VERDE;1160;5431;21.358866
GUATEQUE;PARTIDO LIBERAL COLOMBIANO;1039;5431;19.130915
GUATEQUE;PARTIDO CAMBIO RADICAL;573;5431;10.550543
GUATEQUE;AGRUPACIÓN POLÍTICA EN MARCHA;548;5431;10.090223
GUATEQUE;PARTIDO CONSERVADOR COLOMBIANO;544;5431;10.016572
GUATEQUE;MOVIMIENTO POLITICO FUERZA CIUDADANA;413;5431;7.604493
GUATEQUE;"MOVIMIENTO ALTERNATIVO INDÍGENA Y SOCIAL ""MAIS""";275;5431;5.063524
GUATEQUE;"PARTIDO ALIANZA SOCIAL INDEPENDIENTE ""ASI""";264;5431;4.860983
GUATEQUE;PARTIDO POLÍTICO DIGNIDAD & COMPROMISO;261;5431;4.805745
GUATEQUE;PARTIDO CENTRO DEMOCRÁTICO;134;5431;2.467317
GUATEQUE;PARTIDO LIGA GOBERNANTES ANTICORRUPCIÓN - LIGA;81;5431;1.491438
GUATEQUE;NUEVA FUERZA DEMOCRÁTICA;78;5431;1.4362
GUATEQUE;PARTIDO POLÍTICO CREEMOS;48;5431;0.883815
GUATEQUE;MOVIMIENTO SALVACIÓN NACIONAL;13;5431;0.239367
GUAYATA;PARTIDO ALIANZA VERDE;883;2946;29.972845
GUAYATA;PARTIDO CONSERVADOR COLOMBIANO;739;2946;25.084861
GUAYATA;PARTIDO CENTRO DEMOCRÁTICO;409;2946;13.883232
GUAYATA;PARTIDO DE LA UNIÓN POR LA GENTE - PARTIDO DE LA U;349;2946;11.846572
GUAYATA;RENOVACIÓN CIUDADANA;247;2946;8.38425
GUAYATA;ARRAIGO GUAYATUNO;202;2946;6.856755
GUAYATA;PARTIDO LIBERAL COLOMBIANO;117;2946;3.971487
GUICAN;PARTIDO ALIANZA VERDE;385;2043;18.844836
GUICAN;"PARTIDO ALIANZA SOCIAL INDEPENDIENTE ""ASI""";381;2043;18.649046
GUICAN;PARTIDO CAMBIO RADICAL;353;2043;17.278512
GUICAN;PARTIDO CONSERVADOR COLOMBIANO;243;2043;11.894273
GUICAN;PARTIDO CENTRO DEMOCRÁTICO;208;2043;10.181106
GUICAN;PARTIDO DE LA UNIÓN POR LA GENTE - PARTIDO DE LA U;152;2043;7.440039
GUICAN;PARTIDO POLÍTICO DIGNIDAD & COMPROMISO;138;2043;6.754772
GUICAN;MOVIMIENTO POLÍTICO COLOMBIA HUMANA;89;2043;4.356339
GUICAN;"MOVIMIENTO ALTERNATIVO INDÍGENA Y SOCIAL ""MAIS""";64;2043;3.132648
GUICAN;INDEPENDIENTES;30;2043;1.468429
IZA;PARTIDO ALIANZA VERDE;453;1741;26.019529
IZA;PARTIDO CENTRO DEMOCRÁTICO;370;1741;21.252154
IZA;PARTIDO CONSERVADOR COLOMBIANO;323;1741;18.552556
IZA;PARTIDO DE LA UNIÓN POR LA GENTE - PARTIDO DE LA U;262;1741;15.048823
IZA;PARTIDO LIBERAL COLOMBIANO;239;1741;13.727743
IZA;"PARTIDO ALIANZA SOCIAL INDEPENDIENTE ""ASI""";94;1741;5.399196
JENESANO;PARTIDO DE LA UNIÓN POR LA GENTE - PARTIDO DE LA U;1290;4468;28.871979
JENESANO;PARTIDO ALIANZA VERDE;1271;4468;28.446732
JENESANO;PARTIDO CAMBIO RADICAL;1034;4468;23.142346
JENESANO;PARTIDO LIBERAL COLOMBIANO;544;4468;12.17547
JENESANO;"PARTIDO ALIANZA SOCIAL INDEPENDIENTE ""ASI""";306;4468;6.848702
JENESANO;PARTIDO NUEVO LIBERALISMO;23;4468;0.514772
JERICO;PARTIDO CONSERVADOR COLOMBIANO;660;2510;26.294821
JERICO;"PARTIDO ALIANZA SOCIAL INDEPENDIENTE ""ASI""";503;2510;20.039841
JERICO;"MOVIMIENTO ALTERNATIVO INDÍGENA Y SOCIAL ""MAIS""";438;2510;17.450199
JERICO;PARTIDO CENTRO DEMOCRÁTICO;435;2510;17.330677
JERICO;PARTIDO ALIANZA VERDE;175;2510;6.972112
JERICO;PARTIDO DE LA UNIÓN POR LA GENTE - PARTIDO DE LA U;106;2510;4.223108
JERICO;PARTIDO LIBERAL COLOMBIANO;105;2510;4.183267
JERICO;PARTIDO POLÍTICO DIGNIDAD & COMPROMISO;88;2510;3.505976
LA CAPILLA;PARTIDO CONSERVADOR COLOMBIANO;1213;1811;66.979569
LA CAPILLA;PARTIDO DE LA UNIÓN POR LA GENTE - PARTIDO DE LA U;369;1811;20.375483
LA CAPILLA;PARTIDO ALIANZA VERDE;229;1811;12.644948
LA UVITA;PARTIDO ALIANZA VERDE;354;1836;19.281046
LA UVITA;"PARTIDO ALIANZA SOCIAL INDEPENDIENTE ""ASI""";325;1836;17.701525
LA UVITA;PARTIDO CENTRO DEMOCRÁTICO;270;1836;14.705882
LA UVITA;PARTIDO CONSERVADOR COLOMBIANO;264;1836;14.379085
LA UVITA;PARTIDO CAMBIO RADICAL;251;1836;13.671024
LA UVITA;PARTIDO DE LA UNIÓN POR LA GENTE - PARTIDO DE LA U;198;1836;10.784314
LA UVITA;NUEVA FUERZA DEMOCRÁTICA;174;1836;9.477124
LA VICTORIA;PARTIDO LIBERAL COLOMBIANO;362;1302;27.803379
LA VICTORIA;PARTIDO CAMBIO RADICAL;344;1302;26.420891
LA VICTORIA;PARTIDO ALIANZA VERDE;322;1302;24.731183
LA VICTORIA;PARTIDO CENTRO DEMOCRÁTICO;274;1302;21.044547
LABRANZAGRANDE;PARTIDO LIBERAL COLOMBIANO;813;2721;29.878721
LABRANZAGRANDE;PARTIDO ALIANZA VERDE;766;2721;28.151415
LABRANZAGRANDE;PARTIDO DE LA UNIÓN POR LA GENTE - PARTIDO DE LA U;576;2721;21.168688
LABRANZAGRANDE;PARTIDO CONSERVADOR COLOMBIANO;480;2721;17.640573
LABRANZAGRANDE;PARTIDO CAMBIO RADICAL;86;2721;3.160603
MACANAL;PARTIDO DE LA UNIÓN POR LA GENTE - PARTIDO DE LA U;1404;2556;54.929577
MACANAL;PARTIDO CONSERVADOR COLOMBIANO;509;2556;19.913928
MACANAL;MOVIMIENTO SALVACIÓN NACIONAL;477;2556;18.661972
MACANAL;PARTIDO ALIANZA VERDE;166;2556;6.494523
MARIPI;PARTIDO ALIANZA VERDE;1128;4245;26.572438
MARIPI;PARTIDO DE LA UNIÓN POR LA GENTE - PARTIDO DE LA U;1077;4245;25.371025
MARIPI;PARTIDO CENTRO DEMOCRÁTICO;792;4245;18.657244
MARIPI;NUEVA FUERZA DEMOCRÁTICA;651;4245;15.335689
MARIPI;PARTIDO LIBERAL COLOMBIANO;597;4245;14.063604
MIRAFLORES;PARTIDO DE LA UNIÓN POR LA GENTE - PARTIDO DE LA U;1937;5433;35.652494
MIRAFLORES;PARTIDO LIBERAL COLOMBIANO;1102;5433;20.283453
MIRAFLORES;PARTIDO ALIANZA VERDE;1007;5433;18.534879
MIRAFLORES;PARTIDO COLOMBIA RENACIENTE;825;5433;15.184981
MIRAFLORES;"PARTIDO ALIANZA SOCIAL INDEPENDIENTE ""ASI""";562;5433;10.344193
MONGUA;PARTIDO DE LA UNIÓN POR LA GENTE - PARTIDO DE LA U;573;3366;17.023173
MONGUA;PARTIDO ALIANZA VERDE;550;3366;16.339869
MONGUA;"PARTIDO ALIANZA SOCIAL INDEPENDIENTE ""ASI""";488;3366;14.49792
MONGUA;MOVIMIENTO SALVACIÓN NACIONAL;471;3366;13.99287
MONGUA;PARTIDO CENTRO DEMOCRÁTICO;379;3366;11.259655
MONGUA;PARTIDO CONSERVADOR COLOMBIANO;371;3366;11.021985
MONGUA;PARTIDO LIBERAL COLOMBIANO;297;3366;8.823529
MONGUA;PARTIDO CAMBIO RADICAL;226;3366;6.714201
MONGUA;MOVIMIENTO POLÍTICO COLOMBIA HUMANA;11;3366;0.326797
MONGUI;PARTIDO CAMBIO RADICAL;821;2992;27.43984
MONGUI;PARTIDO CONSERVADOR COLOMBIANO;708;2992;23.663102
MONGUI;PARTIDO ALIANZA VERDE;549;2992;18.34893
MONGUI;PARTIDO DE LA UNIÓN POR LA GENTE - PARTIDO DE LA U;472;2992;15.775401
MONGUI;"MOVIMIENTO ALTERNATIVO INDÍGENA Y SOCIAL ""MAIS""";258;2992;8.622995
MONGUI;PARTIDO POLÍTICO DIGNIDAD & COMPROMISO;88;2992;2.941176
MONGUI;MOVIMIENTO SALVACIÓN NACIONAL;57;2992;1.90508
MONGUI;PARTIDO VERDE OXÍGENO;39;2992;1.303476
MONIQUIRA;PARTIDO LIBERAL COLOMBIANO;2618;11986;21.842149
MONIQUIRA;PARTIDO CONSERVADOR COLOMBIANO;1571;11986;13.106958
MONIQUIRA;PARTIDO ALIANZA VERDE;1506;11986;12.564659
MONIQUIRA;PARTIDO CENTRO DEMOCRÁTICO;1313;11986;10.954447
MONIQUIRA;PARTIDO CAMBIO RADICAL;1026;11986;8.559987
MONIQUIRA;PARTIDO DE LA U Y EL PARTIDO POLITICO MIRA;935;11986;7.800768
MONIQUIRA;INDEPENDIENTES;763;11986;6.36576
MONIQUIRA;"PARTIDO ALIANZA SOCIAL INDEPENDIENTE ""ASI""";726;11986;6.057067
MONIQUIRA;PARTIDO POLÍTICO DIGNIDAD & COMPROMISO;605;11986;5.047555
MONIQUIRA;"MOVIMIENTO ALTERNATIVO INDÍGENA Y SOCIAL ""MAIS""";429;11986;3.579176
MONIQUIRA;AGRUPACIÓN POLÍTICA EN MARCHA;260;11986;2.169197
MONIQUIRA;PARTIDO VERDE OXÍGENO;234;11986;1.952278
MOTAVITA;PARTIDO COLOMBIA RENACIENTE;709;4779;14.83574
MOTAVITA;PARTIDO ALIANZA VERDE;641;4779;13.412848
MOTAVITA;"MOVIMIENTO AUTORIDADES INDÍGENAS DE COLOMBIA ""AICO""";638;4779;13.350073
MOTAVITA;PARTIDO LIBERAL COLOMBIANO;575;4779;12.031806
MOTAVITA;"MOVIMIENTO ALTERNATIVO INDÍGENA Y SOCIAL ""MAIS""";566;4779;11.843482
MOTAVITA;PARTIDO LIGA GOBERNANTES ANTICORRUPCIÓN - LIGA;534;4779;11.173886
MOTAVITA;AGRUPACIÓN POLÍTICA EN MARCHA;483;4779;10.106717
MOTAVITA;PARTIDO POLÍTICO DIGNIDAD & COMPROMISO;376;4779;7.867755
MOTAVITA;"PARTIDO ALIANZA SOCIAL INDEPENDIENTE ""ASI""";139;4779;2.908558
MOTAVITA;PARTIDO NUEVO LIBERALISMO;99;4779;2.071563
MOTAVITA;PARTIDO CONSERVADOR COLOMBIANO;19;4779;0.397573
MUZO;PARTIDO ALIANZA VERDE;1655;5223;31.68677
MUZO;PARTIDO CONSERVADOR COLOMBIANO;905;5223;17.327207
MUZO;PARTIDO DE LA UNIÓN POR LA GENTE - PARTIDO DE LA U;851;5223;16.293318
MUZO;"MOVIMIENTO ALTERNATIVO INDÍGENA Y SOCIAL ""MAIS""";842;5223;16.121003
MUZO;PARTIDO CENTRO DEMOCRÁTICO;395;5223;7.562703
MUZO;PARTIDO CAMBIO RADICAL;276;5223;5.284319
MUZO;MOVIMIENTO SALVACIÓN NACIONAL;180;5223;3.446295
MUZO;PARTIDO POLO DEMOCRÁTICO ALTERNATIVO;97;5223;1.85717
MUZO;MOVIMIENTO POLÍTICO COLOMBIA HUMANA;22;5223;0.421214
NOBSA;PARTIDO ALIANZA VERDE;2117;10372;20.410721
NOBSA;PARTIDO CONSERVADOR COLOMBIANO;1450;10372;13.979946
NOBSA;PARTIDO CAMBIO RADICAL;1388;10372;13.382183
NOBSA;PARTIDO LIBERAL COLOMBIANO;1234;10372;11.897416
NOBSA;"MOVIMIENTO AUTORIDADES INDÍGENAS DE COLOMBIA ""AICO""";881;10372;8.494022
NOBSA;PARTIDO COLOMBIA RENACIENTE;628;10372;6.054763
NOBSA;PARTIDO POLÍTICO LA FUERZA DE LA PAZ;544;10372;5.24489
NOBSA;PARTIDO DE LA UNIÓN POR LA GENTE - PARTIDO DE LA U;459;10372;4.425376
NOBSA;MAIS - POLO;441;10372;4.251832
NOBSA;AGRUPACIÓN POLÍTICA EN MARCHA;397;10372;3.827613
NOBSA;INDEPENDIENTES;298;10372;2.87312
NOBSA;"PARTIDO UNIÓN PATRIÓTICA ""UP""";291;10372;2.805631
NOBSA;MOVIMIENTO POLÍTICO COLOMBIA HUMANA;94;10372;0.906286
NOBSA;PARTIDO NUEVO LIBERALISMO;85;10372;0.819514
NOBSA;PARTIDO POLÍTICO DIGNIDAD & COMPROMISO;65;10372;0.626687
NUEVO COLON;INDEPENDIENTES;998;3670;27.19346
NUEVO COLON;PARTIDO LIBERAL COLOMBIANO;871;3670;23.73297
NUEVO COLON;PARTIDO ALIANZA VERDE;817;3670;22.26158
NUEVO COLON;PARTIDO POLÍTICO LA FUERZA DE LA PAZ;525;3670;14.305177
NUEVO COLON;PARTIDO DE LA UNIÓN POR LA GENTE - PARTIDO DE LA U;459;3670;12.506812
OICATA;PARTIDO POLO DEMOCRÁTICO ALTERNATIVO;389;2315;16.803456
OICATA;PARTIDO LIBERAL COLOMBIANO;343;2315;14.816415
OICATA;PARTIDO ALIANZA VERDE;338;2315;14.600432
OICATA;PARTIDO CONSERVADOR COLOMBIANO;284;2315;12.267819
OICATA;PARTIDO POLÍTICO LA FUERZA DE LA PAZ;260;2315;11.231102
OICATA;"PARTIDO ALIANZA SOCIAL INDEPENDIENTE ""ASI""";212;2315;9.157667
OICATA;PARTIDO DE LA UNIÓN POR LA GENTE - PARTIDO DE LA U;209;2315;9.028078
OICATA;PARTIDO NUEVO LIBERALISMO;167;2315;7.213823
OICATA;PARTIDO CENTRO DEMOCRÁTICO;95;2315;4.103672
OICATA;PARTIDO POLÍTICO DIGNIDAD & COMPROMISO;15;2315;0.647948
OICATA;PARTIDO CAMBIO RADICAL;3;2315;0.12959
OTANCHE;PARTIDO CONSERVADOR COLOMBIANO;910;4947;18.394987
OTANCHE;"PARTIDO ALIANZA SOCIAL INDEPENDIENTE ""ASI""";759;4947;15.342632
OTANCHE;PARTIDO ALIANZA VERDE;659;4947;13.321205
OTANCHE;PARTIDO CAMBIO RADICAL;564;4947;11.400849
OTANCHE;PARTIDO DE LA UNIÓN POR LA GENTE - PARTIDO DE LA U;458;4947;9.258136
OTANCHE;"MOVIMIENTO ALTERNATIVO INDÍGENA Y SOCIAL ""MAIS""";434;4947;8.772994
OTANCHE;PARTIDO CENTRO DEMOCRÁTICO;390;4947;7.883566
OTANCHE;INDEPENDIENTES;255;4947;5.154639
OTANCHE;MOVIMIENTO SALVACIÓN NACIONAL;244;4947;4.932282
OTANCHE;PARTIDO POLÍTICO DIGNIDAD & COMPROMISO;225;4947;4.548211
OTANCHE;PARTIDO VERDE OXÍGENO;49;4947;0.990499
PACHAVITA;PARTIDO CONSERVADOR COLOMBIANO;371;1440;25.763889
PACHAVITA;PARTIDO DE LA UNIÓN POR LA GENTE - PARTIDO DE LA U;330;1440;22.916667
PACHAVITA;PARTIDO ALIANZA VERDE;274;1440;19.027778
PACHAVITA;PARTIDO CENTRO DEMOCRÁTICO;271;1440;18.819444
PACHAVITA;AGRUPACIÓN POLÍTICA EN MARCHA;194;1440;13.472222
PAEZ;PARTIDO DE LA UNIÓN POR LA GENTE - PARTIDO DE LA U;677;1790;37.821229
PAEZ;PARTIDO ALIANZA VERDE;659;1790;36.815642
PAEZ;PARTIDO NUEVO LIBERALISMO;300;1790;16.759777
PAEZ;PARTIDO LIBERAL COLOMBIANO;95;1790;5.307263
PAEZ;AGRUPACIÓN POLÍTICA EN MARCHA;59;1790;3.296089
PAIPA;PARTIDO LIBERAL COLOMBIANO;5137;18364;27.973208
PAIPA;PARTIDO ALIANZA VERDE;3925;18364;21.373339
PAIPA;PARTIDO CONSERVADOR COLOMBIANO;3784;18364;20.605533
PAIPA;PARTIDO NUEVO LIBERALISMO;1629;18364;8.870616
PAIPA;PARTIDO CAMBIO RADICAL;1306;18364;7.11174
PAIPA;PARTIDO POLÍTICO DIGNIDAD & COMPROMISO;1146;18364;6.24047
PAIPA;PARTIDO CENTRO DEMOCRÁTICO;877;18364;4.775648
PAIPA;MOVIMIENTO POLÍTICO COLOMBIA HUMANA;266;18364;1.448486
PAIPA;"PARTIDO UNIÓN PATRIÓTICA ""UP""";248;18364;1.350468
PAIPA;"MOVIMIENTO ALTERNATIVO INDÍGENA Y SOCIAL ""MAIS""";46;18364;0.25049
PAJARITO;PARTIDO POLÍTICO DIGNIDAD & COMPROMISO;360;1430;25.174825
PAJARITO;PARTIDO LIBERAL COLOMBIANO;355;1430;24.825175
PAJARITO;PARTIDO NUEVO LIBERALISMO;317;1430;22.167832
PAJARITO;"MOVIMIENTO ALTERNATIVO INDÍGENA Y SOCIAL ""MAIS""";218;1430;15.244755
PAJARITO;PARTIDO ALIANZA VERDE;103;1430;7.202797
PAJARITO;PARTIDO DE LA UNIÓN POR LA GENTE - PARTIDO DE LA U;77;1430;5.384615
PANQUEBA;PARTIDO ALIANZA VERDE;289;1190;24.285714
PANQUEBA;PARTIDO CONSERVADOR COLOMBIANO;285;1190;23.94958
PANQUEBA;"PARTIDO ALIANZA SOCIAL INDEPENDIENTE ""ASI""";255;1190;21.428571
PANQUEBA;PARTIDO LIBERAL COLOMBIANO;225;1190;18.907563
PANQUEBA;PARTIDO POLÍTICO LA FUERZA DE LA PAZ;136;1190;11.428571
PAUNA;PARTIDO DE LA UNIÓN POR LA GENTE - PARTIDO DE LA U;947;4758;19.903321
PAUNA;PARTIDO CENTRO DEMOCRÁTICO;791;4758;16.624632
PAUNA;PARTIDO CAMBIO RADICAL;674;4758;14.165616
PAUNA;PARTIDO ALIANZA VERDE;659;4758;13.850357
PAUNA;PARTIDO CONSERVADOR COLOMBIANO;561;4758;11.790668
PAUNA;PARTIDO LIBERAL COLOMBIANO;388;4758;8.154687
PAUNA;PARTIDO POLÍTICO CREEMOS;372;4758;7.818411
PAUNA;"PARTIDO ALIANZA SOCIAL INDEPENDIENTE ""ASI""";276;4758;5.800757
PAUNA;PARTIDO VERDE OXÍGENO;82;4758;1.723413
PAUNA;PARTIDO POLÍTICO DIGNIDAD & COMPROMISO;8;4758;0.168138
PAYA;PARTIDO ALIANZA VERDE;357;1491;23.943662
PAYA;"MOVIMIENTO ALTERNATIVO INDÍGENA Y SOCIAL ""MAIS""";355;1491;23.809524
PAYA;PARTIDO CONSERVADOR COLOMBIANO;319;1491;21.395037
PAYA;PARTIDO CAMBIO RADICAL;260;1491;17.437961
PAYA;PARTIDO POLÍTICO DIGNIDAD & COMPROMISO;196;1491;13.14554
PAYA;PARTIDO DE LA UNIÓN POR LA GENTE - PARTIDO DE LA U;4;1491;0.268276
PAZ DE RIO;PARTIDO LIBERAL COLOMBIANO;781;2753;28.369052
PAZ DE RIO;PARTIDO ALIANZA VERDE;486;2753;17.653469
PAZ DE RIO;PARTIDO DE LA UNIÓN POR LA GENTE - PARTIDO DE LA U;480;2753;17.435525
PAZ DE RIO;AGRUPACIÓN POLÍTICA EN MARCHA;478;2753;17.362877
PAZ DE RIO;PARTIDO CONSERVADOR COLOMBIANO;224;2753;8.136578
PAZ DE RIO;PARTIDO CAMBIO RADICAL;168;2753;6.102434
PAZ DE RIO;MOVIMIENTO POLÍTICO COLOMBIA HUMANA;136;2753;4.940065
PESCA;"PARTIDO ALIANZA SOCIAL INDEPENDIENTE ""ASI""";814;4546;17.905851
PESCA;PARTIDO CAMBIO RADICAL;691;4546;15.200176
PESCA;MOVIMIENTO SALVACIÓN NACIONAL;615;4546;13.528377
PESCA;PARTIDO ALIANZA VERDE;515;4546;11.328641
PESCA;PARTIDO CONSERVADOR COLOMBIANO;472;4546;10.382754
PESCA;PARTIDO CENTRO DEMOCRÁTICO;415;4546;9.128905
PESCA;PARTIDO POLÍTICO LA FUERZA DE LA PAZ;415;4546;9.128905
PESCA;PARTIDO LIBERAL COLOMBIANO;323;4546;7.105147
PESCA;PARTIDO DE LA UNIÓN POR LA GENTE - PARTIDO DE LA U;286;4546;6.291245
PISBA;PARTIDO CONSERVADOR COLOMBIANO;300;1009;29.732408
PISBA;PARTIDO LIBERAL COLOMBIANO;202;1009;20.019822
PISBA;"MOVIMIENTO ALTERNATIVO INDÍGENA Y SOCIAL ""MAIS""";175;1009;17.343905
PISBA;PARTIDO ALIANZA VERDE;168;1009;16.650149
PISBA;PARTIDO NUEVO LIBERALISMO;63;1009;6.243806
PISBA;PARTIDO DE LA UNIÓN POR LA GENTE - PARTIDO DE LA U;61;1009;6.04559
PISBA;PARTIDO CAMBIO RADICAL;40;1009;3.964321
PUERTO BOYACA;PARTIDO CAMBIO RADICAL;2653;22945;11.562432
PUERTO BOYACA;PARTIDO LIBERAL COLOMBIANO;2353;22945;10.254958
PUERTO BOYACA;AGRUPACIÓN POLÍTICA EN MARCHA;2143;22945;9.339725
PUERTO BOYACA;PARTIDO ALIANZA VERDE;1839;22945;8.014818
PUERTO BOYACA;"PARTIDO ALIANZA SOCIAL INDEPENDIENTE ""ASI""";1598;22945;6.96448
PUERTO BOYACA;PARTIDO DE LA U Y EL PARTIDO POLITICO MIRA;1455;22945;6.341251
PUERTO BOYACA;MOVIMIENTO SALVACIÓN NACIONAL;1427;22945;6.21922
PUERTO BOYACA;PARTIDO DEMÓCRATA COLOMBIANO;1427;22945;6.21922
PUERTO BOYACA;PARTIDO CONSERVADOR COLOMBIANO;1423;22945;6.201787
PUERTO BOYACA;"MOVIMIENTO AUTORIDADES INDÍGENAS DE COLOMBIA ""AICO""";1365;22945;5.949008
PUERTO BOYACA;PARTIDO POLÍTICO DIGNIDAD & COMPROMISO;936;22945;4.07932
PUERTO BOYACA;PARTIDO CENTRO DEMOCRÁTICO;934;22945;4.070604
PUERTO BOYACA;PARTIDO COLOMBIA RENACIENTE;913;22945;3.97908
PUERTO BOYACA;"MOVIMIENTO ALTERNATIVO INDÍGENA Y SOCIAL ""MAIS""";759;22945;3.30791
PUERTO BOYACA;PARTIDO VERDE OXÍGENO;664;22945;2.893877
PUERTO BOYACA;NUEVA FUERZA DEMOCRÁTICA;505;22945;2.200915
PUERTO BOYACA;PARTIDO ECOLOGISTA COLOMBIANO;187;22945;0.814992
PUERTO BOYACA;PARTIDO POLÍTICO GENTE EN MOVIMIENTO;165;22945;0.719111
PUERTO BOYACA;PARTIDO NUEVO LIBERALISMO;120;22945;0.52299
PUERTO BOYACA;PARTIDO POLÍTICO LA FUERZA DE LA PAZ;79;22945;0.344302
QUIPAMA;PARTIDO ALIANZA VERDE;740;3450;21.449275
QUIPAMA;PARTIDO LIBERAL COLOMBIANO;707;3450;20.492754
QUIPAMA;PARTIDO CAMBIO RADICAL;486;3450;14.086957
QUIPAMA;"MOVIMIENTO ALTERNATIVO INDÍGENA Y SOCIAL ""MAIS""";443;3450;12.84058
QUIPAMA;PARTIDO CONSERVADOR COLOMBIANO;381;3450;11.043478
QUIPAMA;PARTIDO CENTRO DEMOCRÁTICO;315;3450;9.130435
QUIPAMA;PARTIDO VERDE OXÍGENO;264;3450;7.652174
QUIPAMA;PARTIDO DE LA UNIÓN POR LA GENTE - PARTIDO DE LA U;102;3450;2.956522
QUIPAMA;PARTIDO POLO DEMOCRÁTICO ALTERNATIVO;12;3450;0.347826
RAMIRIQUI;PARTIDO LIBERAL COLOMBIANO;1277;6535;19.540933
RAMIRIQUI;PARTIDO ALIANZA VERDE;1193;6535;18.255547
RAMIRIQUI;PARTIDO CONSERVADOR COLOMBIANO;1110;6535;16.985463
RAMIRIQUI;"MOVIMIENTO ALTERNATIVO INDÍGENA Y SOCIAL ""MAIS""";1014;6535;15.51645
RAMIRIQUI;PARTIDO CAMBIO RADICAL;894;6535;13.680184
RAMIRIQUI;AGRUPACIÓN POLÍTICA EN MARCHA;757;6535;11.58378
RAMIRIQUI;MOVIMIENTO POLÍTICO COLOMBIA HUMANA;154;6535;2.356542
RAMIRIQUI;INDEPENDIENTES;92;6535;1.407804
RAMIRIQUI;"PARTIDO ALIANZA SOCIAL INDEPENDIENTE ""ASI""";22;6535;0.336649
RAMIRIQUI;"PARTIDO UNIÓN PATRIÓTICA ""UP""";22;6535;0.336649
RAQUIRA;PARTIDO CAMBIO RADICAL;1032;4099;25.176872
RAQUIRA;PARTIDO ALIANZA VERDE;679;4099;16.565016
RAQUIRA;PARTIDO POLÍTICO DIGNIDAD & COMPROMISO;633;4099;15.442791
RAQUIRA;PARTIDO DE LA UNIÓN POR LA GENTE - PARTIDO DE LA U;627;4099;15.296414
RAQUIRA;PARTIDO LIBERAL COLOMBIANO;527;4099;12.856794
RAQUIRA;PARTIDO CONSERVADOR COLOMBIANO;376;4099;9.172969
RAQUIRA;PARTIDO CENTRO DEMOCRÁTICO;225;4099;5.489144
RONDON;"PARTIDO ALIANZA SOCIAL INDEPENDIENTE ""ASI""";577;1826;31.599124
RONDON;PARTIDO ALIANZA VERDE;536;1826;29.353779
RONDON;PARTIDO DE LA UNIÓN POR LA GENTE - PARTIDO DE LA U;389;1826;21.303395
RONDON;PARTIDO CAMBIO RADICAL;307;1826;16.812705
RONDON;"MOVIMIENTO ALTERNATIVO INDÍGENA Y SOCIAL ""MAIS""";17;1826;0.930997
SABOYA;PARTIDO ALIANZA VERDE;2079;7647;27.187132
SABOYA;PARTIDO CONSERVADOR COLOMBIANO;1374;7647;17.967831
SABOYA;PARTIDO DE LA UNIÓN POR LA GENTE - PARTIDO DE LA U;1146;7647;14.986269
SABOYA;PARTIDO LIBERAL COLOMBIANO;933;7647;12.200863
SABOYA;PARTIDO VERDE OXÍGENO;866;7647;11.324702
SABOYA;PARTIDO CAMBIO RADICAL;691;7647;9.036223
SABOYA;"PARTIDO ALIANZA SOCIAL INDEPENDIENTE ""ASI""";558;7647;7.296979
SACHICA;PARTIDO LIBERAL COLOMBIANO;599;3411;17.560833
SACHICA;PARTIDO DE LA UNIÓN POR LA GENTE - PARTIDO DE LA U;553;3411;16.212254
SACHICA;AGRUPACIÓN POLÍTICA EN MARCHA;374;3411;10.964527
SACHICA;PARTIDO CENTRO DEMOCRATICO-PARTIDO POLITICO MIRA;352;3411;10.319554
SACHICA;"MOVIMIENTO ALTERNATIVO INDÍGENA Y SOCIAL ""MAIS""";333;3411;9.762533
SACHICA;PARTIDO CAMBIO RADICAL;311;3411;9.117561
SACHICA;"PARTIDO ALIANZA SOCIAL INDEPENDIENTE ""ASI""";283;3411;8.296687
SACHICA;INDEPENDIENTES;225;3411;6.596306
SACHICA;PARTIDO ALIANZA VERDE;223;3411;6.537672
SACHICA;MOVIMIENTO SALVACIÓN NACIONAL;104;3411;3.048959
SACHICA;PARTIDO NUEVO LIBERALISMO;54;3411;1.583113
SAMACA;PARTIDO LIBERAL COLOMBIANO;2125;10373;20.485877
SAMACA;PARTIDO CAMBIO RADICAL;1951;10373;18.808445
SAMACA;COALICION PARTIDO DE LA U -PARTIDO POLITICO MIRA;1311;10373;12.638581
SAMACA;PARTIDO ALIANZA VERDE;1248;10373;12.031235
SAMACA;"MOVIMIENTO ALTERNATIVO INDÍGENA Y SOCIAL ""MAIS""";1195;10373;11.520293
SAMACA;"PARTIDO ALIANZA SOCIAL INDEPENDIENTE ""ASI""";1113;10373;10.729779
SAMACA;PARTIDO CONSERVADOR COLOMBIANO;846;10373;8.155789
SAMACA;PARTIDO VERDE OXÍGENO;328;10373;3.162055
SAMACA;PARTIDO COLOMBIA RENACIENTE;256;10373;2.467946
SAN EDUARDO;PARTIDO ALIANZA VERDE;353;1283;27.51364
SAN EDUARDO;"MOVIMIENTO ALTERNATIVO INDÍGENA Y SOCIAL ""MAIS""";326;1283;25.409197
SAN EDUARDO;PARTIDO LIBERAL COLOMBIANO;283;1283;22.057677
SAN EDUARDO;PARTIDO DE LA UNIÓN POR LA GENTE - PARTIDO DE LA U;177;1283;13.795791
SAN EDUARDO;PARTIDO CENTRO DEMOCRÁTICO;137;1283;10.678098
SAN EDUARDO;PARTIDO DEMÓCRATA COLOMBIANO;7;1283;0.545596
SAN JOSE DE PARE;PARTIDO ALIANZA VERDE;1080;3908;27.635619
SAN JOSE DE PARE;PARTIDO LIBERAL COLOMBIANO;984;3908;25.17912
SAN JOSE DE PARE;PARTIDO CENTRO DEMOCRÁTICO;415;3908;10.619243
SAN JOSE DE PARE;AGRUPACIÓN POLÍTICA EN MARCHA;405;3908;10.363357
SAN JOSE DE PARE;PARTIDO DE LA UNIÓN POR LA GENTE - PARTIDO DE LA U;359;3908;9.186285
SAN JOSE DE PARE;"MOVIMIENTO ALTERNATIVO INDÍGENA Y SOCIAL ""MAIS""";248;3908;6.345957
SAN JOSE DE PARE;"PARTIDO ALIANZA SOCIAL INDEPENDIENTE ""ASI""";246;3908;6.29478
SAN JOSE DE PARE;PARTIDO NUEVO LIBERALISMO;171;3908;4.37564
SAN LUIS DE GACENO;PARTIDO ALIANZA VERDE;1075;3067;35.050538
SAN LUIS DE GACENO;PARTIDO CONSERVADOR COLOMBIANO;904;3067;29.475057
SAN LUIS DE GACENO;PARTIDO LIBERAL COLOMBIANO;329;3067;10.727095
SAN LUIS DE GACENO;AGRUPACIÓN POLÍTICA EN MARCHA;279;3067;9.096837
SAN LUIS DE GACENO;"PARTIDO ALIANZA SOCIAL INDEPENDIENTE ""ASI""";251;3067;8.183893
SAN LUIS DE GACENO;PARTIDO DE LA UNIÓN POR LA GENTE - PARTIDO DE LA U;229;3067;7.46658
SAN MATEO;PARTIDO CONSERVADOR COLOMBIANO;946;2588;36.553323
SAN MATEO;PARTIDO ALIANZA VERDE;664;2588;25.656878
SAN MATEO;PARTIDO CAMBIO RADICAL;464;2588;17.928903
SAN MATEO;PARTIDO CENTRO DEMOCRÁTICO;331;2588;12.789799
SAN MATEO;PARTIDO DE LA UNIÓN POR LA GENTE - PARTIDO DE LA U;183;2588;7.071097
SAN MIGUEL DE SEMA;PARTIDO CONSERVADOR COLOMBIANO;775;2161;35.863026
SAN MIGUEL DE SEMA;PARTIDO LIBERAL COLOMBIANO;748;2161;34.613605
SAN MIGUEL DE SEMA;PARTIDO NUEVO LIBERALISMO;381;2161;17.630727
SAN MIGUEL DE SEMA;PARTIDO ALIANZA VERDE;238;2161;11.01342
SAN MIGUEL DE SEMA;MOVIMIENTO SALVACIÓN NACIONAL;19;2161;0.879223
SAN PABLO DE BORBUR;PARTIDO CONSERVADOR COLOMBIANO;1123;4071;27.58536
SAN PABLO DE BORBUR;PARTIDO ALIANZA VERDE;1016;4071;24.957013
SAN PABLO DE BORBUR;PARTIDO CAMBIO RADICAL;628;4071;15.426185
SAN PABLO DE BORBUR;PARTIDO CENTRO DEMOCRÁTICO;568;4071;13.952346
SAN PABLO DE BORBUR;PARTIDO DE LA UNIÓN POR LA GENTE - PARTIDO DE LA U;546;4071;13.411938
SAN PABLO DE BORBUR;PARTIDO LIBERAL COLOMBIANO;190;4071;4.667158
SANTA MARIA;PARTIDO ALIANZA VERDE;849;2198;38.626024
SANTA MARIA;PARTIDO CONSERVADOR COLOMBIANO;446;2198;20.291174
SANTA MARIA;PARTIDO CAMBIO RADICAL;268;2198;12.192903
SANTA MARIA;PARTIDO DE LA UNIÓN POR LA GENTE - PARTIDO DE LA U;251;2198;11.419472
SANTA MARIA;PARTIDO CENTRO DEMOCRÁTICO;163;2198;7.415833
SANTA MARIA;PARTIDO POLÍTICO DIGNIDAD & COMPROMISO;102;2198;4.640582
SANTA MARIA;"MOVIMIENTO ALTERNATIVO INDÍGENA Y SOCIAL ""MAIS""";84;2198;3.821656
SANTA MARIA;MOVIMIENTO SALVACIÓN NACIONAL;35;2198;1.592357
SANTA ROSA DE VITERBO;PARTIDO DE LA UNIÓN POR LA GENTE - PARTIDO DE LA U;1122;6182;18.149466
SANTA ROSA DE VITERBO;PARTIDO ALIANZA VERDE;1013;6182;16.386283
SANTA ROSA DE VITERBO;PODEMOS;904;6182;14.623099
SANTA ROSA DE VITERBO;PARTIDO CONSERVADOR COLOMBIANO;866;6182;14.008412
SANTA ROSA DE VITERBO;PARTIDO CENTRO DEMOCRÁTICO;833;6182;13.474604
SANTA ROSA DE VITERBO;PARTIDO VERDE OXÍGENO;723;6182;11.695244
SANTA ROSA DE VITERBO;PARTIDO CAMBIO RADICAL;721;6182;11.662892
SANTA SOFIA;PARTIDO ALIANZA VERDE;826;2571;32.127577
SANTA SOFIA;PARTIDO DE LA UNIÓN POR LA GENTE - PARTIDO DE LA U;363;2571;14.11902
SANTA SOFIA;PARTIDO VERDE OXÍGENO;349;2571;13.574485
SANTA SOFIA;MOVIMIENTO SALVACIÓN NACIONAL;332;2571;12.913263
SANTA SOFIA;PARTIDO CAMBIO RADICAL;264;2571;10.268378
SANTA SOFIA;PARTIDO CONSERVADOR COLOMBIANO;234;2571;9.101517
SANTA SOFIA;PARTIDO CENTRO DEMOCRÁTICO;203;2571;7.89576
SANTANA;PARTIDO CENTRO DEMOCRÁTICO;1275;4909;25.972703
SANTANA;PARTIDO ALIANZA VERDE;1105;4909;22.509676
SANTANA;PARTIDO LIBERAL COLOMBIANO;895;4909;18.231819
SANTANA;MOVIMIENTO ALIANZA DEMOCRÁTICA AMPLIA - Res. 2049 de 2021;705;4909;14.361377
SANTANA;PARTIDO DE LA UNIÓN POR LA GENTE - PARTIDO DE LA U;427;4909;8.698309
SANTANA;PARTIDO CAMBIO RADICAL;393;4909;8.005704
SANTANA;"MOVIMIENTO ALTERNATIVO INDÍGENA Y SOCIAL ""MAIS""";109;4909;2.220411
SATIVANORTE;PARTIDO DE LA UNIÓN POR LA GENTE - PARTIDO DE LA U;780;2086;37.392138
SATIVANORTE;PARTIDO ALIANZA VERDE;673;2086;32.262704
SATIVANORTE;PARTIDO CAMBIO RADICAL;442;2086;21.188878
SATIVANORTE;"PARTIDO ALIANZA SOCIAL INDEPENDIENTE ""ASI""";119;2086;5.704698
SATIVANORTE;PARTIDO CENTRO DEMOCRÁTICO;56;2086;2.684564
SATIVANORTE;MOVIMIENTO SALVACIÓN NACIONAL;16;2086;0.767018
SATIVASUR;PARTIDO CONSERVADOR COLOMBIANO;552;1100;50.181818
SATIVASUR;PARTIDO LIBERAL COLOMBIANO;301;1100;27.363636
SATIVASUR;PARTIDO ALIANZA VERDE;247;1100;22.454545
SIACHOQUE;PARTIDO LIBERAL COLOMBIANO;951;4718;20.156846
SIACHOQUE;PARTIDO CONSERVADOR COLOMBIANO;773;4718;16.384061
SIACHOQUE;"PARTIDO ALIANZA SOCIAL INDEPENDIENTE ""ASI""";661;4718;14.010174
SIACHOQUE;PARTIDO ALIANZA VERDE;571;4718;12.102586
SIACHOQUE;PARTIDO NUEVO LIBERALISMO;432;4718;9.156422
SIACHOQUE;PARTIDO CAMBIO RADICAL;430;4718;9.114031
SIACHOQUE;PARTIDO DE LA UNIÓN POR LA GENTE - PARTIDO DE LA U;421;4718;8.923273
SIACHOQUE;PARTIDO COLOMBIA RENACIENTE;345;4718;7.312421
SIACHOQUE;"MOVIMIENTO ALTERNATIVO INDÍGENA Y SOCIAL ""MAIS""";74;4718;1.568461
SIACHOQUE;PARTIDO CENTRO DEMOCRÁTICO;60;4718;1.271725
SOATA;RENOVACION SOATENSE;1148;5246;21.88334
SOATA;PARTIDO ALIANZA VERDE;801;5246;15.268776
SOATA;PARTIDO CAMBIO RADICAL;677;5246;12.905071
SOATA;PARTIDO CENTRO DEMOCRÁTICO;624;5246;11.894777
SOATA;"MOVIMIENTO ALTERNATIVO INDÍGENA Y SOCIAL ""MAIS""";577;5246;10.998856
SOATA;MOVIMIENTO SALVACIÓN NACIONAL;491;5246;9.359512
SOATA;PARTIDO POLÍTICO DIGNIDAD & COMPROMISO;298;5246;5.680518
SOATA;INDEPENDIENTES;290;5246;5.528021
SOATA;PARTIDO CONSERVADOR COLOMBIANO;180;5246;3.431186
SOATA;PARTIDO LIBERAL COLOMBIANO;160;5246;3.049943
SOCHA;PARTIDO LIBERAL COLOMBIANO;1330;4551;29.224346
SOCHA;PARTIDO ALIANZA VERDE;902;4551;19.81982
SOCHA;PARTIDO CONSERVADOR COLOMBIANO;798;4551;17.534608
SOCHA;PARTIDO DE LA UNIÓN POR LA GENTE - PARTIDO DE LA U;608;4551;13.359701
SOCHA;PARTIDO CAMBIO RADICAL;475;4551;10.437267
SOCHA;SUMERCÉ;438;4551;9.624258
SOCOTA;PARTIDO DE LA UNIÓN POR LA GENTE - PARTIDO DE LA U;1014;4266;23.769339
SOCOTA;PARTIDO LIBERAL COLOMBIANO;676;4266;15.846226
SOCOTA;MOVIMIENTO POLITICO FUERZA CIUDADANA;476;4266;11.157993
SOCOTA;PARTIDO ALIANZA VERDE;471;4266;11.040788
SOCOTA;PARTIDO VERDE OXÍGENO;459;4266;10.759494
SOCOTA;PARTIDO CENTRO DEMOCRÁTICO;384;4266;9.001406
SOCOTA;"PARTIDO ALIANZA SOCIAL INDEPENDIENTE ""ASI""";365;4266;8.556024
SOCOTA;PARTIDO NUEVO LIBERALISMO;263;4266;6.165026
SOCOTA;"MOVIMIENTO ALTERNATIVO INDÍGENA Y SOCIAL ""MAIS""";158;4266;3.703704
SOGAMOSO;PARTIDO LIBERAL COLOMBIANO;8292;56308;14.726149
SOGAMOSO;PARTIDO NUEVO LIBERALISMO;7031;56308;12.48668
SOGAMOSO;PARTIDO CONSERVADOR COLOMBIANO;6025;56308;10.700078
SOGAMOSO;PARTIDO COLOMBIA RENACIENTE;4879;56308;8.664843
SOGAMOSO;"MOVIMIENTO ALTERNATIVO INDÍGENA Y SOCIAL ""MAIS""";4186;56308;7.434112
SOGAMOSO;COALICION CIVICA POR SOGAMOSO;4057;56308;7.205015
SOGAMOSO;PACTO HISTORICO;3625;56308;6.437806
SOGAMOSO;MOVIMIENTO POLITICO FUERZA CIUDADANA;3414;56308;6.063082
SOGAMOSO;PARTIDO ALIANZA VERDE;3370;56308;5.98494
SOGAMOSO;PARTIDO CENTRO DEMOCRÁTICO;2908;56308;5.164453
SOGAMOSO;"PARTIDO ALIANZA SOCIAL INDEPENDIENTE ""ASI""";2517;56308;4.470058
SOGAMOSO;PARTIDO POLÍTICO LA FUERZA DE LA PAZ;2225;56308;3.951481
SOGAMOSO;PARTIDO DEMÓCRATA COLOMBIANO;2027;56308;3.599844
SOGAMOSO;PARTIDO DE LA UNIÓN POR LA GENTE - PARTIDO DE LA U;1752;56308;3.111458
SOMONDOCO;PARTIDO CAMBIO RADICAL;554;2224;24.910072
SOMONDOCO;PARTIDO POLÍTICO DIGNIDAD & COMPROMISO;553;2224;24.865108
SOMONDOCO;PARTIDO DE LA UNIÓN POR LA GENTE - PARTIDO DE LA U;397;2224;17.850719
SOMONDOCO;PARTIDO CONSERVADOR COLOMBIANO;296;2224;13.309353
SOMONDOCO;PARTIDO ALIANZA VERDE;282;2224;12.679856
SOMONDOCO;PARTIDO CENTRO DEMOCRÁTICO;142;2224;6.384892
SORA;PARTIDO ALIANZA VERDE;950;2633;36.080517
SORA;PARTIDO DE LA UNIÓN POR LA GENTE - PARTIDO DE LA U;537;2633;20.394987
SORA;PARTIDO LIBERAL COLOMBIANO;512;2633;19.445499
SORA;INDEPENDIENTES;341;2633;12.951006
SORA;PARTIDO POLÍTICO DIGNIDAD & COMPROMISO;293;2633;11.127991
SORACA;PARTIDO ALIANZA VERDE;865;5125;16.878049
SORACA;PARTIDO CENTRO DEMOCRÁTICO;643;5125;12.546341
SORACA;PARTIDO LIBERAL COLOMBIANO;566;5125;11.043902
SORACA;"MOVIMIENTO ALTERNATIVO INDÍGENA Y SOCIAL ""MAIS""";553;5125;10.790244
SORACA;MOVIMIENTO SALVACIÓN NACIONAL;518;5125;10.107317
SORACA;PARTIDO CAMBIO RADICAL;497;5125;9.697561
SORACA;PARTIDO CONSERVADOR COLOMBIANO;453;5125;8.839024
SORACA;INDEPENDIENTES;313;5125;6.107317
SORACA;PARTIDO NUEVO LIBERALISMO;300;5125;5.853659
SORACA;PARTIDO POLÍTICO LA FUERZA DE LA PAZ;189;5125;3.687805
SORACA;"PARTIDO ALIANZA SOCIAL INDEPENDIENTE ""ASI""";104;5125;2.029268
SORACA;MOVIMIENTO POLITICO FUERZA CIUDADANA;76;5125;1.482927
SORACA;PARTIDO LIGA GOBERNANTES ANTICORRUPCIÓN - LIGA;48;5125;0.936585
SOTAQUIRA;PARTIDO NUEVO LIBERALISMO;1104;4719;23.394787
SOTAQUIRA;PARTIDO LIBERAL COLOMBIANO;611;4719;12.947658
SOTAQUIRA;PARTIDO ALIANZA VERDE;606;4719;12.841704
SOTAQUIRA;"PARTIDO ALIANZA SOCIAL INDEPENDIENTE ""ASI""";564;4719;11.951685
SOTAQUIRA;AGRUPACIÓN POLÍTICA EN MARCHA;441;4719;9.3452
SOTAQUIRA;PARTIDO CONSERVADOR COLOMBIANO;387;4719;8.20089
SOTAQUIRA;PARTIDO DE LA UNIÓN POR LA GENTE - PARTIDO DE LA U;378;4719;8.010172
SOTAQUIRA;PARTIDO CAMBIO RADICAL;328;4719;6.950625
SOTAQUIRA;PARTIDO CENTRO DEMOCRÁTICO;300;4719;6.357279
SUSACON;PARTIDO ALIANZA VERDE;738;1943;37.982501
SUSACON;PARTIDO CONSERVADOR COLOMBIANO;632;1943;32.52702
SUSACON;PARTIDO CAMBIO RADICAL;341;1943;17.55018
SUSACON;"PARTIDO ALIANZA SOCIAL INDEPENDIENTE ""ASI""";191;1943;9.83016
SUSACON;PARTIDO LIBERAL COLOMBIANO;41;1943;2.110139
SUTAMARCHAN;PARTIDO ALIANZA VERDE;1087;5080;21.397638
SUTAMARCHAN;PARTIDO DE LA UNIÓN POR LA GENTE - PARTIDO DE LA U;884;5080;17.401575
SUTAMARCHAN;PARTIDO LIBERAL COLOMBIANO;848;5080;16.692913
SUTAMARCHAN;PARTIDO CAMBIO RADICAL;752;5080;14.80315
SUTAMARCHAN;"PARTIDO ALIANZA SOCIAL INDEPENDIENTE ""ASI""";720;5080;14.173228
SUTAMARCHAN;PARTIDO POLÍTICO LA FUERZA DE LA PAZ;431;5080;8.484252
SUTAMARCHAN;PARTIDO CENTRO DEMOCRÁTICO;226;5080;4.448819
SUTAMARCHAN;MOVIMIENTO POLÍTICO COLOMBIA HUMANA;123;5080;2.42126
SUTAMARCHAN;INDEPENDIENTES;9;5080;0.177165
SUTATENZA;PARTIDO CAMBIO RADICAL;707;2938;24.063989
SUTATENZA;PARTIDO ALIANZA VERDE;563;2938;19.162696
SUTATENZA;PARTIDO DE LA UNIÓN POR LA GENTE - PARTIDO DE LA U;553;2938;18.822328
SUTATENZA;PARTIDO LIBERAL COLOMBIANO;447;2938;15.214432
SUTATENZA;PARTIDO CENTRO DEMOCRÁTICO;324;2938;11.02791
SUTATENZA;PARTIDO CONSERVADOR COLOMBIANO;287;2938;9.76855
SUTATENZA;"PARTIDO ALIANZA SOCIAL INDEPENDIENTE ""ASI""";57;2938;1.940095
TASCO;PARTIDO LIBERAL COLOMBIANO;1208;3486;34.652897
TASCO;PACTO HISTORICO;651;3486;18.674699
TASCO;"MOVIMIENTO AUTORIDADES INDÍGENAS DE COLOMBIA ""AICO""";588;3486;16.86747
TASCO;PARTIDO CAMBIO RADICAL;486;3486;13.94148
TASCO;PARTIDO DE LA UNIÓN POR LA GENTE - PARTIDO DE LA U;259;3486;7.429719
TASCO;PARTIDO NUEVO LIBERALISMO;190;3486;5.450373
TASCO;PARTIDO POLÍTICO DIGNIDAD & COMPROMISO;104;3486;2.983362
TENZA;PARTIDO DE LA UNIÓN POR LA GENTE - PARTIDO DE LA U;774;2630;29.429658
TENZA;PARTIDO ALIANZA VERDE;751;2630;28.555133
TENZA;PARTIDO CONSERVADOR COLOMBIANO;569;2630;21.634981
TENZA;PARTIDO COLOMBIA RENACIENTE;321;2630;12.205323
TENZA;"PARTIDO ALIANZA SOCIAL INDEPENDIENTE ""ASI""";201;2630;7.642586
TENZA;"MOVIMIENTO ALTERNATIVO INDÍGENA Y SOCIAL ""MAIS""";14;2630;0.532319
TIBANA;PARTIDO LIBERAL COLOMBIANO;1548;4919;31.469811
TIBANA;PARTIDO CAMBIO RADICAL;993;4919;20.18703
TIBANA;PARTIDO ALIANZA VERDE;835;4919;16.974995
TIBANA;PARTIDO DE LA UNIÓN POR LA GENTE - PARTIDO DE LA U;797;4919;16.20248
TIBANA;PARTIDO POLÍTICO LA FUERZA DE LA PAZ;664;4919;13.498679
TIBANA;MOVIMIENTO POLÍTICO COLOMBIA HUMANA;82;4919;1.667005
TIBASOSA;PARTIDO ALIANZA VERDE;1164;7235;16.088459
TIBASOSA;PARTIDO LIBERAL COLOMBIANO;1074;7235;14.844506
TIBASOSA;PARTIDO CONSERVADOR COLOMBIANO;899;7235;12.425708
TIBASOSA;PARTIDO POLÍTICO CREEMOS;855;7235;11.817554
TIBASOSA;PARTIDO DE LA UNIÓN POR LA GENTE - PARTIDO DE LA U;800;7235;11.05736
TIBASOSA;PARTIDO NUEVO LIBERALISMO;438;7235;6.053905
TIBASOSA;MOVIMIENTO SALVACIÓN NACIONAL;431;7235;5.957153
TIBASOSA;NUEVA FUERZA DEMOCRÁTICA;383;7235;5.293711
TIBASOSA;PARTIDO ECOLOGISTA COLOMBIANO;326;7235;4.505874
TIBASOSA;INDEPENDIENTES;302;7235;4.174153
TIBASOSA;"MOVIMIENTO ALTERNATIVO INDÍGENA Y SOCIAL ""MAIS""";272;7235;3.759502
TIBASOSA;"PARTIDO ALIANZA SOCIAL INDEPENDIENTE ""ASI""";176;7235;2.432619
TIBASOSA;PARTIDO VERDE OXÍGENO;115;7235;1.589496
TINJACA;PARTIDO CONSERVADOR COLOMBIANO;689;2434;28.307313
TINJACA;PARTIDO ALIANZA VERDE;637;2434;26.170912
TINJACA;PARTIDO POLÍTICO DIGNIDAD & COMPROMISO;506;2434;20.788825
TINJACA;"PARTIDO ALIANZA SOCIAL INDEPENDIENTE ""ASI""";470;2434;19.309778
TINJACA;"MOVIMIENTO ALTERNATIVO INDÍGENA Y SOCIAL ""MAIS""";99;2434;4.067379
TINJACA;PARTIDO DE LA UNIÓN POR LA GENTE - PARTIDO DE LA U;33;2434;1.355793
TIPACOQUE;PARTIDO LIBERAL COLOMBIANO;532;2753;19.324373
TIPACOQUE;PARTIDO CENTRO DEMOCRÁTICO;523;2753;18.997457
TIPACOQUE;PARTIDO ALIANZA VERDE;453;2753;16.454777
TIPACOQUE;"MOVIMIENTO AUTORIDADES INDÍGENAS DE COLOMBIA ""AICO""";409;2753;14.85652
TIPACOQUE;"PARTIDO ALIANZA SOCIAL INDEPENDIENTE ""ASI""";273;2753;9.916455
TIPACOQUE;"MOVIMIENTO ALTERNATIVO INDÍGENA Y SOCIAL ""MAIS""";215;2753;7.809662
TIPACOQUE;PARTIDO CAMBIO RADICAL;193;2753;7.010534
TIPACOQUE;PARTIDO DE LA UNIÓN POR LA GENTE - PARTIDO DE LA U;155;2753;5.630222
TOCA;PARTIDO ALIANZA VERDE;2087;5980;34.899666
TOCA;PARTIDO LIBERAL COLOMBIANO;1077;5980;18.010033
TOCA;PARTIDO CAMBIO RADICAL;833;5980;13.929766
TOCA;PARTIDO POLÍTICO LA FUERZA DE LA PAZ;804;5980;13.444816
TOCA;PARTIDO DE LA UNIÓN POR LA GENTE - PARTIDO DE LA U;666;5980;11.137124
TOCA;AGRUPACIÓN POLÍTICA EN MARCHA;372;5980;6.220736
TOCA;PARTIDO POLÍTICO DIGNIDAD & COMPROMISO;141;5980;2.35786
TOGUI;PARTIDO LIBERAL COLOMBIANO;809;2618;30.901451
TOGUI;PARTIDO CONSERVADOR COLOMBIANO;770;2618;29.411765
TOGUI;PARTIDO CENTRO DEMOCRÁTICO;631;2618;24.102368
TOGUI;PARTIDO ALIANZA VERDE;240;2618;9.167303
TOGUI;"MOVIMIENTO ALTERNATIVO INDÍGENA Y SOCIAL ""MAIS""";164;2618;6.264324
TOGUI;PARTIDO NUEVO LIBERALISMO;4;2618;0.152788
TOPAGA;PARTIDO CONSERVADOR COLOMBIANO;530;2805;18.894831
TOPAGA;PARTIDO CAMBIO RADICAL;363;2805;12.941176
TOPAGA;PARTIDO LIBERAL COLOMBIANO;333;2805;11.871658
TOPAGA;INDEPENDIENTES;281;2805;10.017825
TOPAGA;"PARTIDO ALIANZA SOCIAL INDEPENDIENTE ""ASI""";256;2805;9.12656
TOPAGA;PARTIDO POLÍTICO DIGNIDAD & COMPROMISO;256;2805;9.12656
TOPAGA;PARTIDO DE LA UNIÓN POR LA GENTE - PARTIDO DE LA U;237;2805;8.449198
TOPAGA;PARTIDO ALIANZA VERDE;212;2805;7.557932
TOPAGA;PARTIDO CENTRO DEMOCRÁTICO;187;2805;6.666667
TOPAGA;NUEVA FUERZA DEMOCRÁTICA;82;2805;2.923351
TOPAGA;MOVIMIENTO SALVACIÓN NACIONAL;68;2805;2.424242
TOTA;PARTIDO CONSERVADOR COLOMBIANO;441;3447;12.793734
TOTA;PARTIDO LIBERAL COLOMBIANO;419;3447;12.155498
TOTA;PARTIDO DE LA UNIÓN POR LA GENTE - PARTIDO DE LA U;394;3447;11.430229
TOTA;PARTIDO ALIANZA VERDE;390;3447;11.314186
TOTA;PARTIDO CENTRO DEMOCRÁTICO;340;3447;9.86365
TOTA;AGRUPACIÓN POLÍTICA EN MARCHA;339;3447;9.834639
TOTA;"PARTIDO ALIANZA SOCIAL INDEPENDIENTE ""ASI""";334;3447;9.689585
TOTA;PARTIDO CAMBIO RADICAL;327;3447;9.48651
TOTA;PARTIDO POLÍTICO DIGNIDAD & COMPROMISO;237;3447;6.875544
TOTA;"MOVIMIENTO ALTERNATIVO INDÍGENA Y SOCIAL ""MAIS""";163;3447;4.72875
TOTA;PARTIDO NUEVO LIBERALISMO;63;3447;1.827676
TUNJA;PARTIDO ALIANZA VERDE;12379;78758;15.717768
TUNJA;PARTIDO CONSERVADOR COLOMBIANO;9295;78758;11.801976
TUNJA;PARTIDO CAMBIO RADICAL;8856;78758;11.244572
TUNJA;PARTIDO LIBERAL COLOMBIANO;7738;78758;9.825034
TUNJA;PARTIDO DE LA U Y PARTIDO MIRA;6414;78758;8.143935
TUNJA;"PARTIDO ALIANZA SOCIAL INDEPENDIENTE ""ASI""";6251;78758;7.936971
TUNJA;"MOVIMIENTO ALTERNATIVO INDÍGENA Y SOCIAL ""MAIS""";4575;78758;5.808934
TUNJA;TUNJA MERECE MÁS;4264;78758;5.414053
TUNJA;AGRUPACIÓN POLÍTICA EN MARCHA;4145;78758;5.262957
TUNJA;PARTIDO COLOMBIA RENACIENTE Y PARTIDO VERDE OXIGENO;3786;78758;4.807131
TUNJA;PACTO HISTORICO;3748;78758;4.758882
TUNJA;PARTIDO POLÍTICO DIGNIDAD & COMPROMISO;3463;78758;4.397014
TUNJA;PARTIDO POLÍTICO LA FUERZA DE LA PAZ;983;78758;1.248127
TUNJA;PARTIDO CENTRO DEMOCRÁTICO;926;78758;1.175754
TUNJA;PARTIDO POLÍTICO CREEMOS;563;78758;0.714848
TUNJA;PARTIDO DEMÓCRATA COLOMBIANO;523;78758;0.66406
TUNJA;MOVIMIENTO SALVACIÓN NACIONAL;377;78758;0.478682
TUNJA;PARTIDO LIGA GOBERNANTES ANTICORRUPCIÓN - LIGA;273;78758;0.346631
TUNJA;MOVIMIENTO POLITICO FUERZA CIUDADANA;199;78758;0.252673
TUNUNGUA;PARTIDO ALIANZA VERDE;373;1326;28.129713
TUNUNGUA;PARTIDO CENTRO DEMOCRÁTICO;258;1326;19.457014
TUNUNGUA;PARTIDO DE LA UNIÓN POR LA GENTE - PARTIDO DE LA U;241;1326;18.174962
TUNUNGUA;PARTIDO LIBERAL COLOMBIANO;240;1326;18.099548
TUNUNGUA;PARTIDO POLÍTICO DIGNIDAD & COMPROMISO;214;1326;16.138763
TURMEQUE;PARTIDO ALIANZA VERDE;1021;3610;28.282548
TURMEQUE;PARTIDO LIBERAL COLOMBIANO;1014;3610;28.088643
TURMEQUE;PARTIDO POLÍTICO DIGNIDAD & COMPROMISO;834;3610;23.102493
TURMEQUE;"MOVIMIENTO ALTERNATIVO INDÍGENA Y SOCIAL ""MAIS""";520;3610;14.404432
TURMEQUE;PARTIDO NUEVO LIBERALISMO;221;3610;6.121884
TUTA;PARTIDO LIBERAL COLOMBIANO;1424;6476;21.988882
TUTA;PARTIDO CAMBIO RADICAL;1100;6476;16.985794
TUTA;PARTIDO ALIANZA VERDE;1071;6476;16.537986
TUTA;"PARTIDO ALIANZA SOCIAL INDEPENDIENTE ""ASI""";982;6476;15.163681
TUTA;PARTIDO CONSERVADOR COLOMBIANO;591;6476;9.126004
TUTA;AGRUPACIÓN POLÍTICA EN MARCHA;427;6476;6.593576
TUTA;PARTIDO DE LA UNIÓN POR LA GENTE - PARTIDO DE LA U;395;6476;6.099444
TUTA;MOVIMIENTO POLITICO FUERZA CIUDADANA;316;6476;4.879555
TUTA;"MOVIMIENTO ALTERNATIVO INDÍGENA Y SOCIAL ""MAIS""";160;6476;2.470661
TUTA;MOVIMIENTO SALVACIÓN NACIONAL;10;6476;0.154416
TUTAZA;PARTIDO LIBERAL COLOMBIANO;465;1878;24.760383
TUTAZA;"PARTIDO ALIANZA SOCIAL INDEPENDIENTE ""ASI""";383;1878;20.394036
TUTAZA;PARTIDO CAMBIO RADICAL;346;1878;18.423855
TUTAZA;PARTIDO DE LA UNIÓN POR LA GENTE - PARTIDO DE LA U;238;1878;12.673056
TUTAZA;PARTIDO ALIANZA VERDE;200;1878;10.649627
TUTAZA;"MOVIMIENTO ALTERNATIVO INDÍGENA Y SOCIAL ""MAIS""";176;1878;9.371672
TUTAZA;INDEPENDIENTES;70;1878;3.72737
UMBITA;PARTIDO ALIANZA VERDE;1062;4426;23.994577
UMBITA;PARTIDO CONSERVADOR COLOMBIANO;1009;4426;22.797108
UMBITA;PARTIDO DE LA UNIÓN POR LA GENTE - PARTIDO DE LA U;737;4426;16.651604
UMBITA;"MOVIMIENTO ALTERNATIVO INDÍGENA Y SOCIAL ""MAIS""";675;4426;15.250791
UMBITA;PARTIDO POLÍTICO LA FUERZA DE LA PAZ;673;4426;15.205603
UMBITA;PARTIDO CAMBIO RADICAL;270;4426;6.100316
VENTAQUEMADA;PARTIDO CONSERVADOR COLOMBIANO;1516;8080;18.762376
VENTAQUEMADA;PARTIDO LIBERAL COLOMBIANO;1359;8080;16.819307
VENTAQUEMADA;PARTIDO DE LA UNIÓN POR LA GENTE - PARTIDO DE LA U;1285;8080;15.903465
VENTAQUEMADA;"MOVIMIENTO ALTERNATIVO INDÍGENA Y SOCIAL ""MAIS""";1134;8080;14.034653
VENTAQUEMADA;AGRUPACIÓN POLÍTICA EN MARCHA;994;8080;12.30198
VENTAQUEMADA;PARTIDO ALIANZA VERDE;651;8080;8.056931
VENTAQUEMADA;MOVIMIENTO SALVACIÓN NACIONAL;443;8080;5.482673
VENTAQUEMADA;PARTIDO CENTRO DEMOCRÁTICO;428;8080;5.29703
VENTAQUEMADA;"PARTIDO ALIANZA SOCIAL INDEPENDIENTE ""ASI""";243;8080;3.007426
VENTAQUEMADA;INDEPENDIENTES;27;8080;0.334158
VILLA DE LEIVA;PARTIDO LIBERAL COLOMBIANO;2903;9233;31.441568
VILLA DE LEIVA;PRESENTES POR UN FUTURO SEGURO;1662;9233;18.00065
VILLA DE LEIVA;"PARTIDO ALIANZA SOCIAL INDEPENDIENTE ""ASI""";1085;9233;11.751327
VILLA DE LEIVA;PARTIDO CAMBIO RADICAL;832;9233;9.011156
VILLA DE LEIVA;PARTIDO CENTRO DEMOCRÁTICO;830;9233;8.989494
VILLA DE LEIVA;PACTO HISTORICO;616;9233;6.671721
VILLA DE LEIVA;PARTIDO DE LA U-PARTIDO MIRA;475;9233;5.14459
VILLA DE LEIVA;MOVIMIENTO SALVACIÓN NACIONAL;447;9233;4.84133
VILLA DE LEIVA;PARTIDO NUEVO LIBERALISMO;383;9233;4.148164
VIRACACHA;PARTIDO CONSERVADOR COLOMBIANO;960;1882;51.009564
VIRACACHA;PARTIDO ALIANZA VERDE;758;1882;40.276302
VIRACACHA;PARTIDO CENTRO DEMOCRÁTICO;164;1882;8.714134
ZETAQUIRA;PARTIDO ALIANZA VERDE;1194;3540;33.728814
ZETAQUIRA;"MOVIMIENTO ALTERNATIVO INDÍGENA Y SOCIAL ""MAIS""";869;3540;24.548023
ZETAQUIRA;PARTIDO DE LA UNIÓN POR LA GENTE - PARTIDO DE LA U;628;3540;17.740113
ZETAQUIRA;PARTIDO LIBERAL COLOMBIANO;449;3540;12.683616
ZETAQUIRA;PARTIDO CONSERVADOR COLOMBIANO;400;3540;11.299435
